Workbook

Sheet Instrukcja
A1: Szablon dokumentacji testowej | B1: Testowanie oprogramowania – ćwiczenia 1 (na podstawie ISO/IEC/IEEE 29119-3 i sylabusa ISTQB CTFL 4.0)
A2: Autor (imię, nazwisko, nr albumu) | B2: Igor Barcikowski 175675
A3: Grupa / data | B3: ISI 3 08.10.2026
A4: Przedmiot testów | B4: KinoTO 1.0 – formularz zakupu biletów (specyfikacja: specyfikacja_KinoTO.md; obiekt do wykonywania testów: Symulator_KinoTO.xlsx)
A6: ARKUSZE
A7: Przegląd specyfikacji | B7: Wynik testowania statycznego: jeden wiersz = jeden problem w specyfikacji (z ID wymagania, rodzajem problemu i pytaniem do autora).
A8: Warunki testowe | B8: Wynik analizy: CO testujemy. ID w formacie WT-<obszar>-<nr>, np. WT-FRM-01; podaj wymaganie i priorytet.
A9: Przypadki testowe | B9: Specyfikacja przypadków testowych: jeden wiersz = jeden przypadek. ID w formacie TC-<obszar>-<nr>, np. TC-FRM-001. Kolumnę „Wymaganie” wypełnij identyfikatorami REQ-… (kilka – po przecinku).
A10: Macierz śledzenia | B10: Jeden wiersz = jedno wymaganie (ID i skrót są już wpisane). Uzupełnij priorytet i ID przypadków. Kolumny „Liczba przypadków”, „Zaliczone”, „Niezaliczone” i „Pokrycie” liczą się same.
A11: Sesja eksploracyjna | B11: Karta sesji (cel, czas) i notatki z sesji: co sprawdzono, co zaobserwowano, ocena obserwacji.
A12: Raporty defektów | B12: Jeden wiersz = jeden raport o defekcie (ID: DEF-<nr>). Kroki muszą pozwolić odtworzyć awarię innej osobie. Zrzut ekranu (opcjonalnie): Win+Shift+S, zapisz jako DEF-<nr>.png.
A13: Lista kontrolna | B13: Pozycje formułuj jako pytania, na które odpowiedź „Tak” oznacza stan poprawny. Wynik „Nie” → wpisz dowód i (jeśli to defekt) ID raportu.
A14: Raport z wykonania | B14: Podsumowanie testów. Liczby w kolumnie „Wartość” wyliczają się automatycznie – uzupełnij pola opisowe.
A16: STATUS PRZYPADKU | B16: Nie wykonano – jeszcze nie uruchomiony; Zaliczony – rzeczywisty rezultat = oczekiwany; Niezaliczony – rozbieżność (wpisz ID defektu); Zablokowany – nie da się wykonać (np. brak środowiska, inny defekt); Pominięty – świadomie nie wykonano (podaj powód w uwagach).
A17: WAŻNOŚĆ (severity) | B17: Wpływ defektu na system/użytkownika: Krytyczna – awaria uniemożliwia korzystanie z kluczowej funkcji, utrata danych, bezpieczeństwo; Wysoka – ważna funkcja działa błędnie, brak obejścia; Średnia – błąd z obejściem lub w mniej ważnej funkcji; Niska – kosmetyka, literówki, drobne niedogodności.
A18: PRIORYTET (priority) | B18: Pilność naprawy z punktu widzenia biznesu: Wysoki – naprawić natychmiast / przed wydaniem; Średni – w najbliższym cyklu; Niski – gdy będzie czas. Ważność i priorytet to dwie różne oceny (np. literówka w nazwie firmy na stronie głównej: niska ważność, wysoki priorytet).
A19: CYKL ŻYCIA DEFEKTU | B19: Nowy → Otwarty → W naprawie → Naprawiony → Do retestu → Zamknięty; ewentualnie Odrzucony (to nie defekt / nie do odtworzenia), Odroczony (naprawa później), Ponownie otwarty (retest nieudany).
... A21: Wiersze przykładowe | B21: Wiersze wyróżnione żółtym tłem są przykładami – usuń je lub zastąp własnymi przed oddaniem.

Sheet Przegląd specyfikacji
A1: Nr | B1: Wymaganie (REQ-…) | C1: Rodzaj problemu | D1: Opis problemu | E1: Pytanie do autora / propozycja
A2: 1 | B2: REQ-FRM-05 | C2: Niejednoznaczność | D2: „Liczba całkowita” – nie wiadomo, jak traktować 2,0, +2, 02, spacje oraz puste pole. | E2: Czy 2,0 i puste pole mają dawać komunikat z REQ-FRM-05? Czy zapisy typu 02 lub +2 są akceptowane?
A3: 2 | B3: REQ-FRM-04 | C3: Brak (niekompletne) | D3: Nie określono zachowania dla pustego pola wieku, liczby ułamkowej (30,5) ani wartości tekstowej; komunikat jest podany tylko ogólnie. | E3: Czy puste pole, 30,5 i tekst („abc”) mają dawać komunikat „Podaj wiek od 1 do 120.”?
A4: 3 | B4: REQ-FRM-02 | C4: Niejednoznaczność | D4: „Litery” – nie wiadomo, czy dozwolone są polskie znaki (ą, ę, ł) i litery spoza alfabetu łacińskiego. Nie wiadomo też, czy długość liczy się razem ze spacjami na początku/końcu i czy imię może zaczynać się od myślnika. | E4: Czy polskie litery są dozwolone? Czy spacje brzegowe są obcinane przed sprawdzeniem długości?
A5: 4 | B5: REQ-FRM-03 | C5: Niejednoznaczność | D5: „Poprawny adres e-mail” nie ma definicji (dozwolone znaki, wymagana kropka w domenie, maks. długość, adres typu anna@example). | E5: Jaką regułę walidacji przyjąć (np. dokładnie jedno @, niepusta część lokalna, domena z kropką)?
A6: 5 | B6: REQ-FRM-01 / REQ-FRM-06 | C6: Sprzeczność | D6: REQ-FRM-01 wymaga pola wyboru „Mam Kartę Kinomaniaka” i przycisku „Kup”, a symulator udostępnia listę Tak/Nie i brak przycisku (zakup „sam się wykonuje”). Dodatkowo REQ-FRM-06 nie mówi, czy brak karty = domyślnie „Nie”. | E6: Czy odstępstwo symulatora od REQ-FRM-01 jest zamierzone? Jaka jest wartość domyślna karty?
A7: 6 | B7: REQ-FRM-07 / REQ-CEN-04 | C7: Sprzeczność | D7: REQ-FRM-07: „po jednym komunikacie dla każdego błędnego pola”, a niepoprawny kod to według REQ-CEN-04 nie błąd, lecz informacja („pominięto”). Nie wiadomo, czy informacja o kodzie ma się pojawiać także wtedy, gdy inne dane są błędne. | E7: Czy „Nieprawidłowy kod – pominięto” wyświetlać przy błędnych danych (brak zakupu)?
A8: 7 | B8: REQ-FRM-07 | C8: Brak (niekompletne) | D8: Nie określono kolejności wyświetlania komunikatów ani tego, czy komunikaty znikają po poprawieniu danych. | E8: Czy komunikaty mają występować w kolejności pól formularza?
A9: 8 | B9: REQ-CEN-04 | C9: Niejednoznaczność | D9: Nie określono, czy kod ze spacjami („ KINO10 ”) lub z innymi znakami (np. „KINO 10”) jest poprawny; nie określono też, czy spacje brzegowe są ignorowane. | E9: Czy kod jest obcinany z białych znaków przed porównaniem?
A10: 9 | B10: REQ-CEN-05 | C10: Niejednoznaczność | D10: „Wartość biletów przed rabatem” – nie wiadomo, czy liczy się cenę po uldze wiekowej (Słownik: liczba biletów × cena biletu) czy normalną cenę 30,00 zł. Przy cenach 15,00 i 30,00 zł wartość dokładnie 100,00 zł jest nieosiągalna, więc granica „co najmniej 100,00 zł” nie może być zbadana wprost. | E10: Czy próg 100,00 zł dotyczy ceny po uldze? Czy próg jest świadomie nieosiągalny?
A11: 10 | B11: REQ-CEN-06 | C11: Brak (niekompletne) | D11: Nie określono metody zaokrąglenia (half-up / bankierskie) ani momentu zaokrąglenia; przy cenach 15/30 zł i rabatach 0/10/15% zaokrąglenie nigdy nie następuje, więc wymaganie jest w praktyce nietestowalne. | E11: Jaka metoda zaokrąglenia obowiązuje i czy opłatę dodaje się po zaokrągleniu?
A12: 11 | B12: REQ-CEN-07 / REQ-FRM-08 | C12: Brak (niekompletne) | D12: Format wymaga „dwóch miejsc po przecinku i jednostki” dla cen, opłaty i kwoty, ale nie mówi, jak wyświetlać rabat (15% czy kwota w zł?) ani separatora tysięcy. | E12: W jakim formacie ma być wyświetlany rabat w podsumowaniu?
A13: 12 | B13: REQ-CEN-02 / REQ-CEN-03 | C13: Brak (niekompletne) | D13: Nie określono kolejności stosowania ulgi wiekowej i rabatu (ulga 50% potem rabat – wynika dopiero ze wzoru z REQ-CEN-06) oraz tego, czy ulga i rabat mogą się łączyć. Sformułowanie „rabaty się nie sumują” dotyczy tylko rabatów z REQ-CEN-03. | E13: Potwierdzić, że ulga wiekowa i rabat z REQ-CEN-03 łączą się multiplikatywnie.

Sheet Warunki testowe
A1: ID | B1: Warunek testowy (CO sprawdzamy) | C1: Wymaganie (REQ-…) | D1: Priorytet | E1: Uwagi
A2: WT-FRM-01 | B2: Formularz zawiera wszystkie wymagane pola i przycisk „Kup” | C2: REQ-FRM-01 | D2: Niski
A3: WT-FRM-02 | B3: Imię: minimalna długość (2 znaki) | C3: REQ-FRM-02 | D3: Średni
A4: WT-FRM-03 | B4: Imię: maksymalna długość (30 znaków) | C4: REQ-FRM-02 | D4: Średni
A5: WT-FRM-04 | B5: Imię: dozwolone znaki (litery, spacja, myślnik) | C5: REQ-FRM-02 | D5: Średni
A6: WT-FRM-05 | B6: Imię: niedozwolone znaki (cyfry, @, _) i komunikat „Podaj poprawne imię.” | C6: REQ-FRM-02 | D6: Średni
A7: WT-FRM-06 | B7: E-mail: niepoprawny format (brak @, brak części lokalnej/domeny) i komunikat | C7: REQ-FRM-03 | D7: Średni
A8: WT-FRM-07 | B8: Wiek: granice 1 i 120 oraz wartości tuż poza (0, 121) | C8: REQ-FRM-04 | D8: Wysoki | E8: Wiek wpływa też na cenę (REQ-CEN-02)
A9: WT-FRM-08 | B9: Wiek: wartość nienumeryczna i komunikat „Podaj wiek od 1 do 120.” | C9: REQ-FRM-04 | D9: Średni
A10: WT-FRM-09 | B10: Liczba biletów: granice 1 i 10 oraz wartości tuż poza (0, 11) i komunikat | C10: REQ-FRM-05 | D10: Wysoki
A11: WT-FRM-10 | B11: Kod promocyjny: pole opcjonalne (puste nie jest błędem) | C11: REQ-FRM-06 | D11: Średni
A12: WT-FRM-11 | B12: Wiele błędów naraz: osobny komunikat dla każdego pola, brak zakupu | C12: REQ-FRM-07 | D12: Wysoki
A13: WT-FRM-12 | B13: Poprawne dane: podsumowanie + „Dziękujemy za zakup!” | C13: REQ-FRM-08 | D13: Wysoki
A14: WT-CEN-01 | B14: Cena normalnego biletu 30,00 zł | C14: REQ-CEN-01 | D14: Wysoki
A15: WT-CEN-02 | B15: Ulga 50%: granice wieku 17/18 i 64/65 | C15: REQ-CEN-02 | D15: Wysoki | E15: Wszystkie bilety tego samego rodzaju
A16: WT-CEN-03 | B16: Rabat: 4 kombinacje (karta × kod) → 15% / 10% / 10% / 0% | C16: REQ-CEN-03 | D16: Wysoki | E16: Tablica decyzyjna
A17: WT-CEN-04 | B17: Kod KINO10: wielkość liter bez znaczenia | C17: REQ-CEN-04 | D17: Średni
A18: WT-CEN-05 | B18: Niepoprawny kod: informacja „Nieprawidłowy kod – pominięto”, zakup kontynuowany | C18: REQ-CEN-04 | D18: Średni
A19: WT-CEN-06 | B19: Opłata rezerwacyjna 2,00 zł dla zamówienia bez karty, poniżej 100,00 zł | C19: REQ-CEN-05 | D19: Wysoki
A20: WT-CEN-07 | B20: Brak opłaty: klient z kartą | C20: REQ-CEN-05 | D20: Wysoki
A21: WT-CEN-08 | B21: Brak opłaty: wartość biletów przed rabatem ≥ 100,00 zł (w tym przy cenie ulgowej) | C21: REQ-CEN-05 | D21: Wysoki | E21: Próg 100,00 zł jest nieosiągalny wprost – badamy 90/92 i 105/120
A22: WT-CEN-09 | B22: Wzór kwoty do zapłaty (ulga + rabat + opłata) | C22: REQ-CEN-06 | D22: Wysoki
A23: WT-CEN-10 | B23: Zaokrąglenie do grosza | C23: REQ-CEN-06 | D23: Średni | E23: Przy cenach 15/30 zł i rabatach 0/10/15% zaokrąglenie nie występuje – patrz przegląd
A24: WT-CEN-11 | B24: Format kwot „0,00 zł” | C24: REQ-CEN-07 | D24: Niski

Sheet Przypadki testowe
A1: ID | B1: Tytuł | C1: Wymaganie (REQ-…) | D1: Technika | E1: Priorytet | F1: Warunki wstępne | G1: Dane testowe | H1: Kroki | I1: Oczekiwany rezultat | J1: Rzeczywisty rezultat | K1: Status | L1: ID defektu | M1: Wykonał | N1: Data wykonania | O1: Uwagi
A2: TC-FRM-001 | B2: Zakup z poprawnymi danymi (bez karty i kodu) | C2: REQ-FRM-06, REQ-FRM-08, REQ-CEN-01, REQ-CEN-05 | D2: EP | E2: Wysoki | F2: 1. Otwarty Symulator_KinoTO.xlsx. 2. Wszystkie żółte pola puste, karta: Nie. | G2: imię: Anna e-mail: anna@example.com wiek: 30 liczba biletów: 2 kod: (puste) karta: Nie | H2: 1. Wpisz dane testowe w żółte pola. 2. Odczytaj sekcje „Komunikaty” i „Podsumowanie”. | I2: Brak komunikatów o błędach; cena biletu 30,00 zł; rabat 0%; opłata 2,00 zł; do zapłaty 62,00 zł; „Dziękujemy za zakup!”. | J2: Taki sam jak oczekiwany | K2: Zaliczony | M2: Igor | N2: 46303
A3: TC-FRM-002 | B3: Formularz zawiera wszystkie wymagane pola | C3: REQ-FRM-01 | D3: Na podstawie wymagania | E3: Niski | F3: 1. Otwarty Symulator_KinoTO.xlsx. 2. Wszystkie żółte pola puste, karta: Nie. | G3: (brak danych – tylko oględziny) | H3: 1. Otwórz symulator. 2. Porównaj etykiety pól z REQ-FRM-01. | I3: Widoczne pola: Imię, E-mail, Wiek, Liczba biletów, Kod promocyjny, „Mam Kartę Kinomaniaka” oraz przycisk „Kup” (odstępstwo symulatora – patrz przegląd, nr 5). | J3: Taki sam jak oczekiwany | K3: Zaliczony | M3: Igor | N3: 46303
A4: TC-FRM-003 | B4: Imię 2 znaki – akceptowane (AWB: dolna granica) | C4: REQ-FRM-02 | D4: AWB | E4: Średni | F4: 1. Otwarty Symulator_KinoTO.xlsx. 2. Wszystkie żółte pola puste, karta: Nie. | G4: imię: Al e-mail: anna@example.com wiek: 25 liczba biletów: 1 kod: (puste) karta: Nie | H4: 1. Wpisz dane testowe w żółte pola. 2. Odczytaj sekcje „Komunikaty” i „Podsumowanie”. | I4: Brak komunikatów o błędach; cena biletu 30,00 zł; rabat 0%; opłata 2,00 zł; do zapłaty 32,00 zł; „Dziękujemy za zakup!”. | J4: Taki sam jak oczekiwany | K4: Zaliczony | M4: Igor | N4: 46303
A5: TC-FRM-004 | B5: Imię 1 znak – odrzucone (AWB: tuż pod granicą 2) | C5: REQ-FRM-02 | D5: AWB | E5: Średni | F5: 1. Otwarty Symulator_KinoTO.xlsx. 2. Wszystkie żółte pola puste, karta: Nie. | G5: imię: A e-mail: anna@example.com wiek: 30 liczba biletów: 2 kod: (puste) karta: Nie | H5: 1. Wpisz dane testowe w żółte pola. 2. Odczytaj sekcje „Komunikaty” i „Podsumowanie”. | I5: Komunikat: „Podaj poprawne imię.”; brak podsumowania i brak „Dziękujemy za zakup!”. | J5: Taki sam jak oczekiwany | K5: Zaliczony | M5: Igor | N5: 46303
A6: TC-FRM-005 | B6: Imię 30 znaków – akceptowane (AWB: górna granica) | C6: REQ-FRM-02 | D6: AWB | E6: Średni | F6: 1. Otwarty Symulator_KinoTO.xlsx. 2. Wszystkie żółte pola puste, karta: Nie. | G6: imię: AbcdefghijAbcdefghijAbcdefghij e-mail: anna@example.com wiek: 30 liczba biletów: 1 kod: (puste) karta: Nie | H6: 1. Wpisz dane testowe w żółte pola. 2. Odczytaj sekcje „Komunikaty” i „Podsumowanie”. | I6: Brak komunikatów o błędach; cena biletu 30,00 zł; rabat 0%; opłata 2,00 zł; do zapłaty 32,00 zł; „Dziękujemy za zakup!”. | J6: Taki sam jak oczekiwany | K6: Zaliczony | M6: Igor | N6: 46303
A7: TC-FRM-006 | B7: Imię 31 znaków – odrzucone (AWB: tuż nad granicą 30) | C7: REQ-FRM-02 | D7: AWB | E7: Średni | F7: 1. Otwarty Symulator_KinoTO.xlsx. 2. Wszystkie żółte pola puste, karta: Nie. | G7: imię: AbcdefghijAbcdefghijAbcdefghijk e-mail: anna@example.com wiek: 30 liczba biletów: 2 kod: (puste) karta: Nie | H7: 1. Wpisz dane testowe w żółte pola. 2. Odczytaj sekcje „Komunikaty” i „Podsumowanie”. | I7: Komunikat: „Podaj poprawne imię.”; brak podsumowania i brak „Dziękujemy za zakup!”. | J7: Taki sam jak oczekiwany | K7: Zaliczony | M7: Igor | N7: 46303
A8: TC-FRM-007 | B8: Imię ze spacją i myślnikiem – akceptowane | C8: REQ-FRM-02 | D8: EP | E8: Średni | F8: 1. Otwarty Symulator_KinoTO.xlsx. 2. Wszystkie żółte pola puste, karta: Nie. | G8: imię: Anna-Maria Nowak e-mail: anna@example.com wiek: 30 liczba biletów: 1 kod: (puste) karta: Nie | H8: 1. Wpisz dane testowe w żółte pola. 2. Odczytaj sekcje „Komunikaty” i „Podsumowanie”. | I8: Brak komunikatów o błędach; cena biletu 30,00 zł; rabat 0%; opłata 2,00 zł; do zapłaty 32,00 zł; „Dziękujemy za zakup!”. | J8: Taki sam jak oczekiwany | K8: Zaliczony | M8: Igor | N8: 46303
A9: TC-FRM-008 | B9: Imię z cyfrą – odrzucone | C9: REQ-FRM-02 | D9: EP | E9: Średni | F9: 1. Otwarty Symulator_KinoTO.xlsx. 2. Wszystkie żółte pola puste, karta: Nie. | G9: imię: Anna5 e-mail: anna@example.com wiek: 30 liczba biletów: 2 kod: (puste) karta: Nie | H9: 1. Wpisz dane testowe w żółte pola. 2. Odczytaj sekcje „Komunikaty” i „Podsumowanie”. | I9: Komunikat: „Podaj poprawne imię.”; brak podsumowania i brak „Dziękujemy za zakup!”. | J9: Brak komunikatu i widoczne podumowanie wraz z "Dziękujemy za zakup" | K9: Niezaliczony | L9: DEF-001 | M9: Igor | N9: 46303
A10: TC-FRM-009 | B10: E-mail bez znaku @ – odrzucony | C10: REQ-FRM-03 | D10: EP | E10: Średni | F10: 1. Otwarty Symulator_KinoTO.xlsx. 2. Wszystkie żółte pola puste, karta: Nie. | G10: imię: Anna e-mail: annaexample.com wiek: 30 liczba biletów: 2 kod: (puste) karta: Nie | H10: 1. Wpisz dane testowe w żółte pola. 2. Odczytaj sekcje „Komunikaty” i „Podsumowanie”. | I10: Komunikat: „Niepoprawny adres e-mail.”; brak podsumowania i brak „Dziękujemy za zakup!”. | J10: Taki sam jak oczekiwany | K10: Zaliczony | M10: Igor | N10: 46303
A11: TC-FRM-010 | B11: E-mail bez części po @ – odrzucony | C11: REQ-FRM-03 | D11: EP | E11: Średni | F11: 1. Otwarty Symulator_KinoTO.xlsx. 2. Wszystkie żółte pola puste, karta: Nie. | G11: imię: Anna e-mail: anna@ wiek: 30 liczba biletów: 2 kod: (puste) karta: Nie | H11: 1. Wpisz dane testowe w żółte pola. 2. Odczytaj sekcje „Komunikaty” i „Podsumowanie”. | I11: Komunikat: „Niepoprawny adres e-mail.”; brak podsumowania i brak „Dziękujemy za zakup!”. | J11: Taki sam jak oczekiwany | K11: Zaliczony | M11: Igor | N11: 46303
A12: TC-FRM-011 | B12: Wiek 0 – odrzucony (AWB: tuż pod granicą 1) | C12: REQ-FRM-04 | D12: AWB | E12: Wysoki | F12: 1. Otwarty Symulator_KinoTO.xlsx. 2. Wszystkie żółte pola puste, karta: Nie. | G12: imię: Anna e-mail: anna@example.com wiek: 0 liczba biletów: 2 kod: (puste) karta: Nie | H12: 1. Wpisz dane testowe w żółte pola. 2. Odczytaj sekcje „Komunikaty” i „Podsumowanie”. | I12: Komunikat: „Podaj wiek od 1 do 120.”; brak podsumowania i brak „Dziękujemy za zakup!”. | J12: Taki sam jak oczekiwany | K12: Zaliczony | M12: Igor | N12: 46303
A13: TC-FRM-012 | B13: Wiek 120 – akceptowany, ulga (AWB: górna granica) | C13: REQ-FRM-04, REQ-CEN-02 | D13: AWB | E13: Wysoki | F13: 1. Otwarty Symulator_KinoTO.xlsx. 2. Wszystkie żółte pola puste, karta: Nie. | G13: imię: Anna e-mail: anna@example.com wiek: 120 liczba biletów: 1 kod: (puste) karta: Nie | H13: 1. Wpisz dane testowe w żółte pola. 2. Odczytaj sekcje „Komunikaty” i „Podsumowanie”. | I13: Brak komunikatów o błędach; cena biletu 15,00 zł; rabat 0%; opłata 2,00 zł; do zapłaty 17,00 zł; „Dziękujemy za zakup!”. | J13: Taki sam jak oczekiwany | K13: Zaliczony | M13: Igor | N13: 46303
A14: TC-FRM-013 | B14: Wiek 121 – odrzucony (AWB: tuż nad granicą 120) | C14: REQ-FRM-04 | D14: AWB | E14: Wysoki | F14: 1. Otwarty Symulator_KinoTO.xlsx. 2. Wszystkie żółte pola puste, karta: Nie. | G14: imię: Anna e-mail: anna@example.com wiek: 121 liczba biletów: 2 kod: (puste) karta: Nie | H14: 1. Wpisz dane testowe w żółte pola. 2. Odczytaj sekcje „Komunikaty” i „Podsumowanie”. | I14: Komunikat: „Podaj wiek od 1 do 120.”; brak podsumowania i brak „Dziękujemy za zakup!”. | J14: Taki sam jak oczekiwany | K14: Zaliczony | M14: Igor | N14: 46303
A15: TC-FRM-014 | B15: Wiek nie jest liczbą („abc”) – odrzucony | C15: REQ-FRM-04 | D15: EP | E15: Średni | F15: 1. Otwarty Symulator_KinoTO.xlsx. 2. Wszystkie żółte pola puste, karta: Nie. | G15: imię: Anna e-mail: anna@example.com wiek: abc liczba biletów: 2 kod: (puste) karta: Nie | H15: 1. Wpisz dane testowe w żółte pola. 2. Odczytaj sekcje „Komunikaty” i „Podsumowanie”. | I15: Komunikat: „Podaj wiek od 1 do 120.”; brak podsumowania i brak „Dziękujemy za zakup!”. | J15: Taki sam jak oczekiwany | K15: Zaliczony | M15: Igor | N15: 46303
A16: TC-FRM-015 | B16: Liczba biletów 0 – odrzucona (AWB: tuż pod granicą 1) | C16: REQ-FRM-05 | D16: AWB | E16: Wysoki | F16: 1. Otwarty Symulator_KinoTO.xlsx. 2. Wszystkie żółte pola puste, karta: Nie. | G16: imię: Anna e-mail: anna@example.com wiek: 30 liczba biletów: 0 kod: (puste) karta: Nie | H16: 1. Wpisz dane testowe w żółte pola. 2. Odczytaj sekcje „Komunikaty” i „Podsumowanie”. | I16: Komunikat: „Można kupić od 1 do 10 biletów.”; brak podsumowania i brak „Dziękujemy za zakup!”. | J16: Taki sam jak oczekiwany | K16: Zaliczony | M16: Igor | N16: 46303
A17: TC-FRM-016 | B17: Liczba biletów 10 – akceptowana (AWB: górna granica) | C17: REQ-FRM-05, REQ-CEN-05 | D17: AWB | E17: Wysoki | F17: 1. Otwarty Symulator_KinoTO.xlsx. 2. Wszystkie żółte pola puste, karta: Nie. | G17: imię: Anna e-mail: anna@example.com wiek: 30 liczba biletów: 10 kod: (puste) karta: Nie | H17: 1. Wpisz dane testowe w żółte pola. 2. Odczytaj sekcje „Komunikaty” i „Podsumowanie”. | I17: Brak komunikatów o błędach; cena biletu 30,00 zł; rabat 0%; opłata 0,00 zł; do zapłaty 300,00 zł; „Dziękujemy za zakup!”. | J17: Taki sam jak oczekiwany | K17: Zaliczony | M17: Igor | N17: 46303
A18: TC-FRM-017 | B18: Liczba biletów 11 – odrzucona (AWB: tuż nad granicą 10) | C18: REQ-FRM-05 | D18: AWB | E18: Wysoki | F18: 1. Otwarty Symulator_KinoTO.xlsx. 2. Wszystkie żółte pola puste, karta: Nie. | G18: imię: Anna e-mail: anna@example.com wiek: 30 liczba biletów: 11 kod: (puste) karta: Nie | H18: 1. Wpisz dane testowe w żółte pola. 2. Odczytaj sekcje „Komunikaty” i „Podsumowanie”. | I18: Komunikat: „Można kupić od 1 do 10 biletów.”; brak podsumowania i brak „Dziękujemy za zakup!”. | J18: Brak komunikatu i podumowanie wraz z "Dziękujemy za zakup" | K18: Niezaliczony | L18: DEF-002 | M18: Igor | N18: 46303
A19: TC-FRM-018 | B19: Wszystkie pola błędne – lista wszystkich błędów | C19: REQ-FRM-07, REQ-FRM-02, REQ-FRM-03, REQ-FRM-04, REQ-FRM-05 | D19: EP | E19: Wysoki | F19: 1. Otwarty Symulator_KinoTO.xlsx. 2. Wszystkie żółte pola puste, karta: Nie. | G19: imię: A e-mail: x wiek: 0 liczba biletów: 11 kod: (puste) karta: Nie | H19: 1. Wpisz dane testowe w żółte pola. 2. Odczytaj sekcje „Komunikaty” i „Podsumowanie”. | I19: Cztery osobne komunikaty: „Podaj poprawne imię.”, „Niepoprawny adres e-mail.”, „Podaj wiek od 1 do 120.”, „Można kupić od 1 do 10 biletów.”; brak podsumowania i brak „Dziękujemy za zakup!”. | J19: Trzy osobne komunikaty: „Podaj poprawne imię.”, „Niepoprawny adres e-mail.”, „Podaj wiek od 1 do 120.”, brak podsumowania i brak „Dziękujemy za zakup!”. | K19: Niezaliczony | L19: DEF-003 | M19: Igor | N19: 46303
A20: TC-CEN-001 | B20: Karta + poprawny kod – rabat 15% | C20: REQ-CEN-03, REQ-CEN-05, REQ-CEN-06, REQ-CEN-07 | D20: Tablica decyzyjna | E20: Wysoki | F20: 1. Otwarty Symulator_KinoTO.xlsx. 2. Wszystkie żółte pola puste, karta: Nie. | G20: imię: Anna e-mail: anna@example.com wiek: 30 liczba biletów: 2 kod: KINO10 karta: Tak | H20: 1. Wpisz dane testowe w żółte pola. 2. Odczytaj sekcje „Komunikaty” i „Podsumowanie”. | I20: Brak komunikatów o błędach; cena biletu 30,00 zł; rabat 15%; opłata 0,00 zł; do zapłaty 51,00 zł; „Dziękujemy za zakup!”. (przykład ze specyfikacji) | J20: Brak komunikatów o błędach; cena biletu 30,00 zł; rabat 20%; opłata 0,00 zł; do zapłaty 48,00 zł; „Dziękujemy za zakup!”. (przykład ze specyfikacji) | K20: Niezaliczony | L20: DEF-004 | M20: Igor | N20: 46303
A21: TC-CEN-002 | B21: Karta bez kodu – rabat 10% | C21: REQ-CEN-03, REQ-CEN-05, REQ-CEN-06 | D21: Tablica decyzyjna | E21: Wysoki | F21: 1. Otwarty Symulator_KinoTO.xlsx. 2. Wszystkie żółte pola puste, karta: Nie. | G21: imię: Anna e-mail: anna@example.com wiek: 30 liczba biletów: 2 kod: (puste) karta: Tak | H21: 1. Wpisz dane testowe w żółte pola. 2. Odczytaj sekcje „Komunikaty” i „Podsumowanie”. | I21: Brak komunikatów o błędach; cena biletu 30,00 zł; rabat 10%; opłata 0,00 zł; do zapłaty 54,00 zł; „Dziękujemy za zakup!”. | J21: Taki sam jak oczekiwany | K21: Zaliczony | M21: Igor | N21: 46303
A22: TC-CEN-003 | B22: Poprawny kod bez karty – rabat 10%, opłata 2,00 zł | C22: REQ-CEN-03, REQ-CEN-04, REQ-CEN-05, REQ-CEN-06 | D22: Tablica decyzyjna | E22: Wysoki | F22: 1. Otwarty Symulator_KinoTO.xlsx. 2. Wszystkie żółte pola puste, karta: Nie. | G22: imię: Anna e-mail: anna@example.com wiek: 30 liczba biletów: 2 kod: KINO10 karta: Nie | H22: 1. Wpisz dane testowe w żółte pola. 2. Odczytaj sekcje „Komunikaty” i „Podsumowanie”. | I22: Brak komunikatów o błędach; cena biletu 30,00 zł; rabat 10%; opłata 2,00 zł; do zapłaty 56,00 zł; „Dziękujemy za zakup!”. | J22: Taki sam jak oczekiwany | K22: Zaliczony | M22: Igor | N22: 46303
A23: TC-CEN-004 | B23: Bez karty i bez kodu – rabat 0%, opłata 2,00 zł | C23: REQ-CEN-01, REQ-CEN-03, REQ-CEN-05 | D23: Tablica decyzyjna | E23: Wysoki | F23: 1. Otwarty Symulator_KinoTO.xlsx. 2. Wszystkie żółte pola puste, karta: Nie. | G23: imię: Anna e-mail: anna@example.com wiek: 40 liczba biletów: 1 kod: (puste) karta: Nie | H23: 1. Wpisz dane testowe w żółte pola. 2. Odczytaj sekcje „Komunikaty” i „Podsumowanie”. | I23: Brak komunikatów o błędach; cena biletu 30,00 zł; rabat 0%; opłata 2,00 zł; do zapłaty 32,00 zł; „Dziękujemy za zakup!”. | J23: Taki sam jak oczekiwany | K23: Zaliczony | M23: Igor | N23: 46303
A24: TC-CEN-005 | B24: Wiek 17 – ulga 50% (AWB: ostatnia wartość z ulgą) | C24: REQ-CEN-02 | D24: AWB | E24: Wysoki | F24: 1. Otwarty Symulator_KinoTO.xlsx. 2. Wszystkie żółte pola puste, karta: Nie. | G24: imię: Anna e-mail: anna@example.com wiek: 17 liczba biletów: 1 kod: (puste) karta: Nie | H24: 1. Wpisz dane testowe w żółte pola. 2. Odczytaj sekcje „Komunikaty” i „Podsumowanie”. | I24: Brak komunikatów o błędach; cena biletu 15,00 zł; rabat 0%; opłata 2,00 zł; do zapłaty 17,00 zł; „Dziękujemy za zakup!”. | J24: Taki sam jak oczekiwany | K24: Zaliczony | M24: Igor | N24: 46303
A25: TC-CEN-006 | B25: Wiek 18 – bez ulgi (AWB: pierwsza wartość bez ulgi) | C25: REQ-CEN-02 | D25: AWB | E25: Wysoki | F25: 1. Otwarty Symulator_KinoTO.xlsx. 2. Wszystkie żółte pola puste, karta: Nie. | G25: imię: Anna e-mail: anna@example.com wiek: 18 liczba biletów: 1 kod: (puste) karta: Nie | H25: 1. Wpisz dane testowe w żółte pola. 2. Odczytaj sekcje „Komunikaty” i „Podsumowanie”. | I25: Brak komunikatów o błędach; cena biletu 30,00 zł; rabat 0%; opłata 2,00 zł; do zapłaty 32,00 zł; „Dziękujemy za zakup!”. | J25: Taki sam jak oczekiwany | K25: Zaliczony | M25: Igor | N25: 46303
A26: TC-CEN-007 | B26: Wiek 64 – bez ulgi (AWB: ostatnia wartość bez ulgi) | C26: REQ-CEN-02 | D26: AWB | E26: Wysoki | F26: 1. Otwarty Symulator_KinoTO.xlsx. 2. Wszystkie żółte pola puste, karta: Nie. | G26: imię: Anna e-mail: anna@example.com wiek: 64 liczba biletów: 1 kod: (puste) karta: Nie | H26: 1. Wpisz dane testowe w żółte pola. 2. Odczytaj sekcje „Komunikaty” i „Podsumowanie”. | I26: Brak komunikatów o błędach; cena biletu 30,00 zł; rabat 0%; opłata 2,00 zł; do zapłaty 32,00 zł; „Dziękujemy za zakup!”. | J26: Taki sam jak oczekiwany | K26: Zaliczony | M26: Igor | N26: 46303
A27: TC-CEN-008 | B27: Wiek 65 – ulga 50% (AWB: pierwsza wartość z ulgą) | C27: REQ-CEN-02 | D27: AWB | E27: Wysoki | F27: 1. Otwarty Symulator_KinoTO.xlsx. 2. Wszystkie żółte pola puste, karta: Nie. | G27: imię: Anna e-mail: anna@example.com wiek: 65 liczba biletów: 1 kod: (puste) karta: Nie | H27: 1. Wpisz dane testowe w żółte pola. 2. Odczytaj sekcje „Komunikaty” i „Podsumowanie”. | I27: Brak komunikatów o błędach; cena biletu 15,00 zł; rabat 0%; opłata 2,00 zł; do zapłaty 17,00 zł; „Dziękujemy za zakup!”. | J27: Brak komunikatów o błędach; cena biletu 30,00 zł; rabat 0%; opłata 2,00 zł; do zapłaty 32,00 zł; „Dziękujemy za zakup!”. | K27: Niezaliczony | L27: DEF-005 | M27: Igor | N27: 46303
A28: TC-CEN-009 | B28: Kod małymi literami („kino10”) – rozpoznany | C28: REQ-CEN-04, REQ-CEN-03 | D28: EP | E28: Średni | F28: 1. Otwarty Symulator_KinoTO.xlsx. 2. Wszystkie żółte pola puste, karta: Nie. | G28: imię: Anna e-mail: anna@example.com wiek: 30 liczba biletów: 2 kod: kino10 karta: Nie | H28: 1. Wpisz dane testowe w żółte pola. 2. Odczytaj sekcje „Komunikaty” i „Podsumowanie”. | I28: Brak komunikatów o błędach; cena biletu 30,00 zł; rabat 10%; opłata 2,00 zł; do zapłaty 56,00 zł; „Dziękujemy za zakup!”. Bez informacji „Nieprawidłowy kod – pominięto”. | J28: Brak komunikatów o błędach; cena biletu 30,00 zł; rabat 0%; opłata 2,00 zł; do zapłaty 62,00 zł; „Dziękujemy za zakup!”. Informacja „Nieprawidłowy kod – pominięto”. | K28: Niezaliczony | L28: DEF-006 | M28: Igor | N28: 46303
A29: TC-CEN-010 | B29: Niepoprawny kod, bez karty – informacja i brak rabatu | C29: REQ-CEN-04, REQ-FRM-06 | D29: EP | E29: Średni | F29: 1. Otwarty Symulator_KinoTO.xlsx. 2. Wszystkie żółte pola puste, karta: Nie. | G29: imię: Anna e-mail: anna@example.com wiek: 30 liczba biletów: 1 kod: KINO20 karta: Nie | H29: 1. Wpisz dane testowe w żółte pola. 2. Odczytaj sekcje „Komunikaty” i „Podsumowanie”. | I29: Brak komunikatów o błędach oraz informacja „Nieprawidłowy kod – pominięto”; cena biletu 30,00 zł; rabat 0%; opłata 2,00 zł; do zapłaty 32,00 zł; „Dziękujemy za zakup!”. | J29: Taki sam jak oczekiwany | K29: Zaliczony | M29: Igor | N29: 46303
A30: TC-CEN-011 | B30: Niepoprawny kod + karta – rabat 10% tylko z karty | C30: REQ-CEN-04, REQ-CEN-03 | D30: EP | E30: Średni | F30: 1. Otwarty Symulator_KinoTO.xlsx. 2. Wszystkie żółte pola puste, karta: Nie. | G30: imię: Anna e-mail: anna@example.com wiek: 30 liczba biletów: 1 kod: KINO20 karta: Tak | H30: 1. Wpisz dane testowe w żółte pola. 2. Odczytaj sekcje „Komunikaty” i „Podsumowanie”. | I30: Brak komunikatów o błędach oraz informacja „Nieprawidłowy kod – pominięto”; cena biletu 30,00 zł; rabat 10%; opłata 0,00 zł; do zapłaty 27,00 zł; „Dziękujemy za zakup!”. | J30: Taki sam jak oczekiwany | K30: Zaliczony | M30: Igor | N30: 46303
A31: TC-CEN-012 | B31: 3 bilety normalne (90,00 zł) – opłata 2,00 zł (AWB: pod progiem 100) | C31: REQ-CEN-05 | D31: AWB | E31: Wysoki | F31: 1. Otwarty Symulator_KinoTO.xlsx. 2. Wszystkie żółte pola puste, karta: Nie. | G31: imię: Anna e-mail: anna@example.com wiek: 30 liczba biletów: 3 kod: (puste) karta: Nie | H31: 1. Wpisz dane testowe w żółte pola. 2. Odczytaj sekcje „Komunikaty” i „Podsumowanie”. | I31: Brak komunikatów o błędach; cena biletu 30,00 zł; rabat 0%; opłata 2,00 zł; do zapłaty 92,00 zł; „Dziękujemy za zakup!”. | J31: Taki sam jak oczekiwany | K31: Zaliczony | M31: Igor | N31: 46303
A32: TC-CEN-013 | B32: 4 bilety normalne (120,00 zł) – brak opłaty (AWB: nad progiem 100) | C32: REQ-CEN-05 | D32: AWB | E32: Wysoki | F32: 1. Otwarty Symulator_KinoTO.xlsx. 2. Wszystkie żółte pola puste, karta: Nie. | G32: imię: Anna e-mail: anna@example.com wiek: 30 liczba biletów: 4 kod: (puste) karta: Nie | H32: 1. Wpisz dane testowe w żółte pola. 2. Odczytaj sekcje „Komunikaty” i „Podsumowanie”. | I32: Brak komunikatów o błędach; cena biletu 30,00 zł; rabat 0%; opłata 0,00 zł; do zapłaty 120,00 zł; „Dziękujemy za zakup!”. | J32: Taki sam jak oczekiwany | K32: Zaliczony | M32: Igor | N32: 46303
A33: TC-CEN-014 | B33: 6 biletów ulgowych (90,00 zł) – opłata 2,00 zł | C33: REQ-CEN-05, REQ-CEN-02 | D33: AWB | E33: Wysoki | F33: 1. Otwarty Symulator_KinoTO.xlsx. 2. Wszystkie żółte pola puste, karta: Nie. | G33: imię: Anna e-mail: anna@example.com wiek: 10 liczba biletów: 6 kod: (puste) karta: Nie | H33: 1. Wpisz dane testowe w żółte pola. 2. Odczytaj sekcje „Komunikaty” i „Podsumowanie”. | I33: Brak komunikatów o błędach; cena biletu 15,00 zł; rabat 0%; opłata 2,00 zł; do zapłaty 92,00 zł; „Dziękujemy za zakup!”. | J33: Taki sam jak oczekiwany | K33: Zaliczony | M33: Igor | N33: 46303
A34: TC-CEN-015 | B34: 7 biletów ulgowych (105,00 zł) – brak opłaty | C34: REQ-CEN-05, REQ-CEN-02 | D34: AWB | E34: Wysoki | F34: 1. Otwarty Symulator_KinoTO.xlsx. 2. Wszystkie żółte pola puste, karta: Nie. | G34: imię: Anna e-mail: anna@example.com wiek: 70 liczba biletów: 7 kod: (puste) karta: Nie | H34: 1. Wpisz dane testowe w żółte pola. 2. Odczytaj sekcje „Komunikaty” i „Podsumowanie”. | I34: Brak komunikatów o błędach; cena biletu 15,00 zł; rabat 0%; opłata 0,00 zł; do zapłaty 105,00 zł; „Dziękujemy za zakup!”. | J34: Taki sam jak oczekiwany | K34: Zaliczony | M34: Igor | N34: 46303
A35: TC-CEN-016 | B35: Próg 100 zł liczony przed rabatem (105 zł → 94,50 zł): brak opłaty | C35: REQ-CEN-05, REQ-CEN-03, REQ-CEN-06 | D35: Tablica decyzyjna | E35: Wysoki | F35: 1. Otwarty Symulator_KinoTO.xlsx. 2. Wszystkie żółte pola puste, karta: Nie. | G35: imię: Anna e-mail: anna@example.com wiek: 70 liczba biletów: 7 kod: KINO10 karta: Nie | H35: 1. Wpisz dane testowe w żółte pola. 2. Odczytaj sekcje „Komunikaty” i „Podsumowanie”. | I35: Brak komunikatów o błędach; cena biletu 15,00 zł; rabat 10%; opłata 0,00 zł; do zapłaty 94,50 zł; „Dziękujemy za zakup!”. | J35: Taki sam jak oczekiwany | K35: Zaliczony | M35: Igor | N35: 46303
A36: TC-CEN-017 | B36: Ulga + rabat 15% + format kwot (38,25 zł) | C36: REQ-CEN-06, REQ-CEN-07, REQ-CEN-02, REQ-CEN-03 | D36: EP | E36: Wysoki | F36: 1. Otwarty Symulator_KinoTO.xlsx. 2. Wszystkie żółte pola puste, karta: Nie. | G36: imię: Anna e-mail: anna@example.com wiek: 10 liczba biletów: 3 kod: KINO10 karta: Tak | H36: 1. Wpisz dane testowe w żółte pola. 2. Odczytaj sekcje „Komunikaty” i „Podsumowanie”. | I36: Brak komunikatów o błędach; cena biletu 15,00 zł; rabat 15%; opłata 0,00 zł; do zapłaty 38,25 zł; „Dziękujemy za zakup!”. | J36: Brak komunikatów o błędach; cena biletu 15,00 zł; rabat 20%; opłata 0,00 zł; do zapłaty 36zł; „Dziękujemy za zakup!”. | K36: Niezaliczony | L36: DEF-007 | M36: Igor | N36: 46303

Sheet Macierz śledzenia
A1: ID wymagania | B1: Wymaganie (skrót) | C1: Priorytet | D1: Przypadki testowe (ID) | E1: Liczba przypadków | F1: Zaliczone | G1: Niezaliczone | H1: Pokrycie | I1: Uwagi
A2: REQ-FRM-01 | B2: Pola formularza i przycisk „Kup” | C2: Niski | D2: TC-FRM-002 | E2: =IF(A2="","",COUNTIF('Przypadki testowe'!$C$2:$C$300,"*"&A2&"*")) -> 1 | F2: =IF(A2="","",COUNTIFS('Przypadki testowe'!$C$2:$C$300,"*"&A2&"*",'Przypadki testowe'!$K$2:$K$300,"Zaliczony")) -> 1 | G2: =IF(A2="","",COUNTIFS('Przypadki testowe'!$C$2:$C$300,"*"&A2&"*",'Przypadki testowe'!$K$2:$K$300,"Niezaliczony")) -> 0 | H2: =IF(A2="","",IF(E2>0,"Pokryte","BRAK")) -> Pokryte
A3: REQ-FRM-02 | B3: Imię 2–30 znaków: litery, spacja, myślnik | C3: Średni | D3: TC-FRM-003, TC-FRM-004, TC-FRM-005, TC-FRM-006, TC-FRM-007, TC-FRM-008, TC-FRM-018 | E3: =IF(A3="","",COUNTIF('Przypadki testowe'!$C$2:$C$300,"*"&A3&"*")) -> 7 | F3: =IF(A3="","",COUNTIFS('Przypadki testowe'!$C$2:$C$300,"*"&A3&"*",'Przypadki testowe'!$K$2:$K$300,"Zaliczony")) -> 5 | G3: =IF(A3="","",COUNTIFS('Przypadki testowe'!$C$2:$C$300,"*"&A3&"*",'Przypadki testowe'!$K$2:$K$300,"Niezaliczony")) -> 2 | H3: =IF(A3="","",IF(E3>0,"Pokryte","BRAK")) -> Pokryte
A4: REQ-FRM-03 | B4: Poprawny adres e-mail | C4: Średni | D4: TC-FRM-009, TC-FRM-010, TC-FRM-018 | E4: =IF(A4="","",COUNTIF('Przypadki testowe'!$C$2:$C$300,"*"&A4&"*")) -> 3 | F4: =IF(A4="","",COUNTIFS('Przypadki testowe'!$C$2:$C$300,"*"&A4&"*",'Przypadki testowe'!$K$2:$K$300,"Zaliczony")) -> 2 | G4: =IF(A4="","",COUNTIFS('Przypadki testowe'!$C$2:$C$300,"*"&A4&"*",'Przypadki testowe'!$K$2:$K$300,"Niezaliczony")) -> 1 | H4: =IF(A4="","",IF(E4>0,"Pokryte","BRAK")) -> Pokryte
A5: REQ-FRM-04 | B5: Wiek: liczba całkowita 1–120 | C5: Wysoki | D5: TC-FRM-011, TC-FRM-012, TC-FRM-013, TC-FRM-014, TC-FRM-018 | E5: =IF(A5="","",COUNTIF('Przypadki testowe'!$C$2:$C$300,"*"&A5&"*")) -> 5 | F5: =IF(A5="","",COUNTIFS('Przypadki testowe'!$C$2:$C$300,"*"&A5&"*",'Przypadki testowe'!$K$2:$K$300,"Zaliczony")) -> 4 | G5: =IF(A5="","",COUNTIFS('Przypadki testowe'!$C$2:$C$300,"*"&A5&"*",'Przypadki testowe'!$K$2:$K$300,"Niezaliczony")) -> 1 | H5: =IF(A5="","",IF(E5>0,"Pokryte","BRAK")) -> Pokryte
A6: REQ-FRM-05 | B6: Liczba biletów: liczba całkowita 1–10 | C6: Wysoki | D6: TC-FRM-015, TC-FRM-016, TC-FRM-017, TC-FRM-018 | E6: =IF(A6="","",COUNTIF('Przypadki testowe'!$C$2:$C$300,"*"&A6&"*")) -> 4 | F6: =IF(A6="","",COUNTIFS('Przypadki testowe'!$C$2:$C$300,"*"&A6&"*",'Przypadki testowe'!$K$2:$K$300,"Zaliczony")) -> 2 | G6: =IF(A6="","",COUNTIFS('Przypadki testowe'!$C$2:$C$300,"*"&A6&"*",'Przypadki testowe'!$K$2:$K$300,"Niezaliczony")) -> 2 | H6: =IF(A6="","",IF(E6>0,"Pokryte","BRAK")) -> Pokryte
A7: REQ-FRM-06 | B7: Kod promocyjny opcjonalny | C7: Średni | D7: TC-FRM-001, TC-CEN-010 | E7: =IF(A7="","",COUNTIF('Przypadki testowe'!$C$2:$C$300,"*"&A7&"*")) -> 2 | F7: =IF(A7="","",COUNTIFS('Przypadki testowe'!$C$2:$C$300,"*"&A7&"*",'Przypadki testowe'!$K$2:$K$300,"Zaliczony")) -> 2 | G7: =IF(A7="","",COUNTIFS('Przypadki testowe'!$C$2:$C$300,"*"&A7&"*",'Przypadki testowe'!$K$2:$K$300,"Niezaliczony")) -> 0 | H7: =IF(A7="","",IF(E7>0,"Pokryte","BRAK")) -> Pokryte
A8: REQ-FRM-07 | B8: Lista wszystkich błędów, brak zakupu | C8: Wysoki | D8: TC-FRM-018 | E8: =IF(A8="","",COUNTIF('Przypadki testowe'!$C$2:$C$300,"*"&A8&"*")) -> 1 | F8: =IF(A8="","",COUNTIFS('Przypadki testowe'!$C$2:$C$300,"*"&A8&"*",'Przypadki testowe'!$K$2:$K$300,"Zaliczony")) -> 0 | G8: =IF(A8="","",COUNTIFS('Przypadki testowe'!$C$2:$C$300,"*"&A8&"*",'Przypadki testowe'!$K$2:$K$300,"Niezaliczony")) -> 1 | H8: =IF(A8="","",IF(E8>0,"Pokryte","BRAK")) -> Pokryte
A9: REQ-FRM-08 | B9: Podsumowanie i „Dziękujemy za zakup!” | C9: Wysoki | D9: TC-FRM-001 | E9: =IF(A9="","",COUNTIF('Przypadki testowe'!$C$2:$C$300,"*"&A9&"*")) -> 1 | F9: =IF(A9="","",COUNTIFS('Przypadki testowe'!$C$2:$C$300,"*"&A9&"*",'Przypadki testowe'!$K$2:$K$300,"Zaliczony")) -> 1 | G9: =IF(A9="","",COUNTIFS('Przypadki testowe'!$C$2:$C$300,"*"&A9&"*",'Przypadki testowe'!$K$2:$K$300,"Niezaliczony")) -> 0 | H9: =IF(A9="","",IF(E9>0,"Pokryte","BRAK")) -> Pokryte
A10: REQ-CEN-01 | B10: Bilet normalny 30,00 zł | C10: Wysoki | D10: TC-FRM-001, TC-CEN-004 | E10: =IF(A10="","",COUNTIF('Przypadki testowe'!$C$2:$C$300,"*"&A10&"*")) -> 2 | F10: =IF(A10="","",COUNTIFS('Przypadki testowe'!$C$2:$C$300,"*"&A10&"*",'Przypadki testowe'!$K$2:$K$300,"Zaliczony")) -> 2 | G10: =IF(A10="","",COUNTIFS('Przypadki testowe'!$C$2:$C$300,"*"&A10&"*",'Przypadki testowe'!$K$2:$K$300,"Niezaliczony")) -> 0 | H10: =IF(A10="","",IF(E10>0,"Pokryte","BRAK")) -> Pokryte
A11: REQ-CEN-02 | B11: Ulga 50%: wiek < 18 lub ≥ 65 | C11: Wysoki | D11: TC-FRM-012, TC-CEN-005, TC-CEN-006, TC-CEN-007, TC-CEN-008, TC-CEN-014, TC-CEN-015, TC-CEN-017 | E11: =IF(A11="","",COUNTIF('Przypadki testowe'!$C$2:$C$300,"*"&A11&"*")) -> 8 | F11: =IF(A11="","",COUNTIFS('Przypadki testowe'!$C$2:$C$300,"*"&A11&"*",'Przypadki testowe'!$K$2:$K$300,"Zaliczony")) -> 6 | G11: =IF(A11="","",COUNTIFS('Przypadki testowe'!$C$2:$C$300,"*"&A11&"*",'Przypadki testowe'!$K$2:$K$300,"Niezaliczony")) -> 2 | H11: =IF(A11="","",IF(E11>0,"Pokryte","BRAK")) -> Pokryte
A12: REQ-CEN-03 | B12: Rabat 15% / 10% / 0% (karta, kod) | C12: Wysoki | D12: TC-CEN-001, TC-CEN-002, TC-CEN-003, TC-CEN-004, TC-CEN-009, TC-CEN-011, TC-CEN-016, TC-CEN-017 | E12: =IF(A12="","",COUNTIF('Przypadki testowe'!$C$2:$C$300,"*"&A12&"*")) -> 8 | F12: =IF(A12="","",COUNTIFS('Przypadki testowe'!$C$2:$C$300,"*"&A12&"*",'Przypadki testowe'!$K$2:$K$300,"Zaliczony")) -> 5 | G12: =IF(A12="","",COUNTIFS('Przypadki testowe'!$C$2:$C$300,"*"&A12&"*",'Przypadki testowe'!$K$2:$K$300,"Niezaliczony")) -> 3 | H12: =IF(A12="","",IF(E12>0,"Pokryte","BRAK")) -> Pokryte
A13: REQ-CEN-04 | B13: Kod KINO10, wielkość liter bez znaczenia | C13: Średni | D13: TC-CEN-003, TC-CEN-009, TC-CEN-010, TC-CEN-011 | E13: =IF(A13="","",COUNTIF('Przypadki testowe'!$C$2:$C$300,"*"&A13&"*")) -> 4 | F13: =IF(A13="","",COUNTIFS('Przypadki testowe'!$C$2:$C$300,"*"&A13&"*",'Przypadki testowe'!$K$2:$K$300,"Zaliczony")) -> 3 | G13: =IF(A13="","",COUNTIFS('Przypadki testowe'!$C$2:$C$300,"*"&A13&"*",'Przypadki testowe'!$K$2:$K$300,"Niezaliczony")) -> 1 | H13: =IF(A13="","",IF(E13>0,"Pokryte","BRAK")) -> Pokryte
A14: REQ-CEN-05 | B14: Opłata 2,00 zł; bez opłaty: karta lub ≥ 100,00 zł | C14: Wysoki | D14: TC-FRM-001, TC-FRM-016, TC-CEN-001, TC-CEN-002, TC-CEN-003, TC-CEN-004, TC-CEN-012, TC-CEN-013, TC-CEN-014, TC-CEN-015, TC-CEN-016 | E14: =IF(A14="","",COUNTIF('Przypadki testowe'!$C$2:$C$300,"*"&A14&"*")) -> 11 | F14: =IF(A14="","",COUNTIFS('Przypadki testowe'!$C$2:$C$300,"*"&A14&"*",'Przypadki testowe'!$K$2:$K$300,"Zaliczony")) -> 10 | G14: =IF(A14="","",COUNTIFS('Przypadki testowe'!$C$2:$C$300,"*"&A14&"*",'Przypadki testowe'!$K$2:$K$300,"Niezaliczony")) -> 1 | H14: =IF(A14="","",IF(E14>0,"Pokryte","BRAK")) -> Pokryte | I14: Próg 100,00 zł badany przez 90/92 i 105/120 (wartość 100,00 zł nieosiągalna).
A15: REQ-CEN-06 | B15: Wzór kwoty do zapłaty, zaokrąglenie | C15: Wysoki | D15: TC-CEN-001, TC-CEN-002, TC-CEN-003, TC-CEN-016, TC-CEN-017 | E15: =IF(A15="","",COUNTIF('Przypadki testowe'!$C$2:$C$300,"*"&A15&"*")) -> 5 | F15: =IF(A15="","",COUNTIFS('Przypadki testowe'!$C$2:$C$300,"*"&A15&"*",'Przypadki testowe'!$K$2:$K$300,"Zaliczony")) -> 3 | G15: =IF(A15="","",COUNTIFS('Przypadki testowe'!$C$2:$C$300,"*"&A15&"*",'Przypadki testowe'!$K$2:$K$300,"Niezaliczony")) -> 2 | H15: =IF(A15="","",IF(E15>0,"Pokryte","BRAK")) -> Pokryte | I15: Zaokrąglenie nie występuje przy cenach 15/30 zł i rabatach 0/10/15% (przegląd nr 10).
A16: REQ-CEN-07 | B16: Format kwot „0,00 zł” | C16: Niski | D16: TC-CEN-001, TC-CEN-017 | E16: =IF(A16="","",COUNTIF('Przypadki testowe'!$C$2:$C$300,"*"&A16&"*")) -> 2 | F16: =IF(A16="","",COUNTIFS('Przypadki testowe'!$C$2:$C$300,"*"&A16&"*",'Przypadki testowe'!$K$2:$K$300,"Zaliczony")) -> 0 | G16: =IF(A16="","",COUNTIFS('Przypadki testowe'!$C$2:$C$300,"*"&A16&"*",'Przypadki testowe'!$K$2:$K$300,"Niezaliczony")) -> 2 | H16: =IF(A16="","",IF(E16>0,"Pokryte","BRAK")) -> Pokryte
E17: =IF(A17="","",COUNTIF('Przypadki testowe'!$C$2:$C$300,"*"&A17&"*")) | F17: =IF(A17="","",COUNTIFS('Przypadki testowe'!$C$2:$C$300,"*"&A17&"*",'Przypadki testowe'!$K$2:$K$300,"Zaliczony")) | G17: =IF(A17="","",COUNTIFS('Przypadki testowe'!$C$2:$C$300,"*"&A17&"*",'Przypadki testowe'!$K$2:$K$300,"Niezaliczony")) | H17: =IF(A17="","",IF(E17>0,"Pokryte","BRAK"))
E18: =IF(A18="","",COUNTIF('Przypadki testowe'!$C$2:$C$300,"*"&A18&"*")) | F18: =IF(A18="","",COUNTIFS('Przypadki testowe'!$C$2:$C$300,"*"&A18&"*",'Przypadki testowe'!$K$2:$K$300,"Zaliczony")) | G18: =IF(A18="","",COUNTIFS('Przypadki testowe'!$C$2:$C$300,"*"&A18&"*",'Przypadki testowe'!$K$2:$K$300,"Niezaliczony")) | H18: =IF(A18="","",IF(E18>0,"Pokryte","BRAK"))
E19: =IF(A19="","",COUNTIF('Przypadki testowe'!$C$2:$C$300,"*"&A19&"*")) | F19: =IF(A19="","",COUNTIFS('Przypadki testowe'!$C$2:$C$300,"*"&A19&"*",'Przypadki testowe'!$K$2:$K$300,"Zaliczony")) | G19: =IF(A19="","",COUNTIFS('Przypadki testowe'!$C$2:$C$300,"*"&A19&"*",'Przypadki testowe'!$K$2:$K$300,"Niezaliczony")) | H19: =IF(A19="","",IF(E19>0,"Pokryte","BRAK"))
E20: =IF(A20="","",COUNTIF('Przypadki testowe'!$C$2:$C$300,"*"&A20&"*")) | F20: =IF(A20="","",COUNTIFS('Przypadki testowe'!$C$2:$C$300,"*"&A20&"*",'Przypadki testowe'!$K$2:$K$300,"Zaliczony")) | G20: =IF(A20="","",COUNTIFS('Przypadki testowe'!$C$2:$C$300,"*"&A20&"*",'Przypadki testowe'!$K$2:$K$300,"Niezaliczony")) | H20: =IF(A20="","",IF(E20>0,"Pokryte","BRAK"))
E21: =IF(A21="","",COUNTIF('Przypadki testowe'!$C$2:$C$300,"*"&A21&"*")) | F21: =IF(A21="","",COUNTIFS('Przypadki testowe'!$C$2:$C$300,"*"&A21&"*",'Przypadki testowe'!$K$2:$K$300,"Zaliczony")) | G21: =IF(A21="","",COUNTIFS('Przypadki testowe'!$C$2:$C$300,"*"&A21&"*",'Przypadki testowe'!$K$2:$K$300,"Niezaliczony")) | H21: =IF(A21="","",IF(E21>0,"Pokryte","BRAK"))
E22: =IF(A22="","",COUNTIF('Przypadki testowe'!$C$2:$C$300,"*"&A22&"*")) | F22: =IF(A22="","",COUNTIFS('Przypadki testowe'!$C$2:$C$300,"*"&A22&"*",'Przypadki testowe'!$K$2:$K$300,"Zaliczony")) | G22: =IF(A22="","",COUNTIFS('Przypadki testowe'!$C$2:$C$300,"*"&A22&"*",'Przypadki testowe'!$K$2:$K$300,"Niezaliczony")) | H22: =IF(A22="","",IF(E22>0,"Pokryte","BRAK"))
E23: =IF(A23="","",COUNTIF('Przypadki testowe'!$C$2:$C$300,"*"&A23&"*")) | F23: =IF(A23="","",COUNTIFS('Przypadki testowe'!$C$2:$C$300,"*"&A23&"*",'Przypadki testowe'!$K$2:$K$300,"Zaliczony")) | G23: =IF(A23="","",COUNTIFS('Przypadki testowe'!$C$2:$C$300,"*"&A23&"*",'Przypadki testowe'!$K$2:$K$300,"Niezaliczony")) | H23: =IF(A23="","",IF(E23>0,"Pokryte","BRAK"))
E24: =IF(A24="","",COUNTIF('Przypadki testowe'!$C$2:$C$300,"*"&A24&"*")) | F24: =IF(A24="","",COUNTIFS('Przypadki testowe'!$C$2:$C$300,"*"&A24&"*",'Przypadki testowe'!$K$2:$K$300,"Zaliczony")) | G24: =IF(A24="","",COUNTIFS('Przypadki testowe'!$C$2:$C$300,"*"&A24&"*",'Przypadki testowe'!$K$2:$K$300,"Niezaliczony")) | H24: =IF(A24="","",IF(E24>0,"Pokryte","BRAK"))
E25: =IF(A25="","",COUNTIF('Przypadki testowe'!$C$2:$C$300,"*"&A25&"*")) | F25: =IF(A25="","",COUNTIFS('Przypadki testowe'!$C$2:$C$300,"*"&A25&"*",'Przypadki testowe'!$K$2:$K$300,"Zaliczony")) | G25: =IF(A25="","",COUNTIFS('Przypadki testowe'!$C$2:$C$300,"*"&A25&"*",'Przypadki testowe'!$K$2:$K$300,"Niezaliczony")) | H25: =IF(A25="","",IF(E25>0,"Pokryte","BRAK"))
E26: =IF(A26="","",COUNTIF('Przypadki testowe'!$C$2:$C$300,"*"&A26&"*")) | F26: =IF(A26="","",COUNTIFS('Przypadki testowe'!$C$2:$C$300,"*"&A26&"*",'Przypadki testowe'!$K$2:$K$300,"Zaliczony")) | G26: =IF(A26="","",COUNTIFS('Przypadki testowe'!$C$2:$C$300,"*"&A26&"*",'Przypadki testowe'!$K$2:$K$300,"Niezaliczony")) | H26: =IF(A26="","",IF(E26>0,"Pokryte","BRAK"))
E27: =IF(A27="","",COUNTIF('Przypadki testowe'!$C$2:$C$300,"*"&A27&"*")) | F27: =IF(A27="","",COUNTIFS('Przypadki testowe'!$C$2:$C$300,"*"&A27&"*",'Przypadki testowe'!$K$2:$K$300,"Zaliczony")) | G27: =IF(A27="","",COUNTIFS('Przypadki testowe'!$C$2:$C$300,"*"&A27&"*",'Przypadki testowe'!$K$2:$K$300,"Niezaliczony")) | H27: =IF(A27="","",IF(E27>0,"Pokryte","BRAK"))
E28: =IF(A28="","",COUNTIF('Przypadki testowe'!$C$2:$C$300,"*"&A28&"*")) | F28: =IF(A28="","",COUNTIFS('Przypadki testowe'!$C$2:$C$300,"*"&A28&"*",'Przypadki testowe'!$K$2:$K$300,"Zaliczony")) | G28: =IF(A28="","",COUNTIFS('Przypadki testowe'!$C$2:$C$300,"*"&A28&"*",'Przypadki testowe'!$K$2:$K$300,"Niezaliczony")) | H28: =IF(A28="","",IF(E28>0,"Pokryte","BRAK"))
... E120: =IF(A120="","",COUNTIF('Przypadki testowe'!$C$2:$C$300,"*"&A120&"*")) | F120: =IF(A120="","",COUNTIFS('Przypadki testowe'!$C$2:$C$300,"*"&A120&"*",'Przypadki testowe'!$K$2:$K$300,"Zaliczony")) | G120: =IF(A120="","",COUNTIFS('Przypadki testowe'!$C$2:$C$300,"*"&A120&"*",'Przypadki testowe'!$K$2:$K$300,"Niezaliczony")) | H120: =IF(A120="","",IF(E120>0,"Pokryte","BRAK"))

Sheet Raporty defektów
A1: ID | B1: Tytuł (krótki opis awarii) | C1: Data | D1: Zgłaszający | E1: Obiekt testów / URL | F1: Środowisko | G1: Warunki wstępne | H1: Kroki do odtworzenia | I1: Oczekiwany rezultat | J1: Rzeczywisty rezultat | K1: Ważność | L1: Priorytet | M1: Powtarzalność | N1: Status | O1: Powiązany przypadek / wymaganie | P1: Załączniki | Q1: Uwagi
A2: DEF-001 | B2: Formularz: kod promocyjny wpisany małymi lub mieszanymi literami („kino10”, „Kino10”) jest odrzucany jako nieprawidłowy | C2: 2026-10-08 | D2: Igor Barcikowski | E2: KinoTO 1.0 (Symulator_KinoTO.xlsx) | F2: Windows 10, Microsoft Excel | G2: Symulator otwarty, wszystkie żółte pola puste, karta: Nie | H2: 1. Wpisz: imię Anna, e-mail anna@example.com, wiek 30, liczba biletów 2, karta: Nie. 2. W polu „Kod rabatowy” wpisz Kino10. 3. Odczytaj sekcje „Komunikaty” i „Podsumowanie”. | I2: Kod rozpoznany (wielkość liter nie ma znaczenia, REQ-CEN-04): brak komunikatu o kodzie, rabat 10%, opłata 2,00 zł, do zapłaty 56,00 zł (2 × 30,00 × 0,90 + 2,00). | J2: Komunikat „Nieprawidłowy kod – pominięto”. Cena biletu 30.00zł. Całkowita cena 62.00zł | K2: Średnia | L2: Średni | M2: Zawsze | N2: Nowy | O2: Sesja eksploracyjna, próba 10; REQ-CEN-04, REQ-CEN-03 | Q2: Sprawdzone warianty: KINO10 – działa; KINO10 (spacja na końcu) – działa; Kino10, kino10, kino10 – odrzucane. Hipoteza: kod porównywany z uwzględnieniem wielkości liter.”

Sheet Sesja eksploracyjna
A1: Karta sesji | B1: S1
A2: Zbadaj | B2: Symulator KinoTO (Symulator_KinoTO.xlsx) – cały formularz i podsumowanie
A3: Używając | B3: nietypowych danych: puste pola, spacje, liczby ujemne i ułamkowe, bardzo długie teksty, polskie znaki, różna wielkość liter, kombinacje karty i kodu
A4: Aby | B4: znaleźć defekty walidacji, wyliczania ceny i prezentacji wyników
A5: Czas | B5: 20 minut
A6: Tester | B6: Igor Barcikowski
A7: Data | B7: 46303
A10: Nr | B10: Co sprawdzono (dane wejściowe) | C10: Obserwacja (co się stało) | D10: Ocena | E10: ID raportu / pytania | F10: Czas [min]
A11: 1 | B11: Imię: puste, reszta poprawna ( e-mail anna@example.com, wiek 30, biletów 2, kod puste, karta Nie) | C11: komunikat "Podaj poprawne Imię" | D11: OK | E11: 1 | F11: 2
A12: 2 | B12: Imię: „Żaneta” (polskie litery), reszta poprawna (e-mail anna@example.com, wiek 30, biletów 2, kod puste, karta Nie) | C12: Weryfikacja pomyślna | D12: OK | E12: 2 | F12: 2
A13: 3 | B13: Imię: dwie spacje, reszta poprawna (e-mail anna@example.com, wiek 30, biletów 2, kod puste, karta Nie) | C13: Weryfikacja pomyślna | D13: Pytanie | E13: 3 | F13: 2
A14: 4 | B14: E-mail: „anna@example” (bez kropki w domenie), reszta poprawna (imię Anna, wiek 30, biletów 2, kod puste, karta Nie) | C14: komunikat "Niepoprawny adres email" | D14: Pytanie | E14: 4 | F14: 2
A15: 5 | B15: Wiek: „30,5” (ułamek), reszta poprawna (imię Anna, e-mail anna@example.com, wiek 30,5, biletów 2, kod puste, karta Nie) | C15: komunikat "Podaj wiek od 1 do 120" | D15: OK | E15: 5 | F15: 2
A16: 6 | B16: Wiek: puste, reszta poprawna (imię Anna, e-mail anna@example.com, biletów 2, kod puste, karta Nie) | C16: komunikat "Podaj wiek od 1 do 120" | D16: OK | E16: 6 | F16: 2
A17: 7 | B17: Liczba biletów: „2,5” (ułamek), reszta poprawna (imię Anna, e-mail anna@example.com, wiek 30, biletów 2,5, kod puste, karta Nie) | C17: komunikat "Można kupic od 1 do 10 biletów" | D17: OK | E17: 7 | F17: 2
A18: 8 | B18: Liczba biletów: puste, reszta poprawna (imię Anna, e-mail anna@example.com, wiek 30, kod puste, karta Nie) | C18: komunikat "Można kupic od 1 do 10 biletów" | D18: OK | E18: 8 | F18: 2
A19: 9 | B19: Kod: „KINO10 ” (spacja na końcu), reszta poprawna (imię Anna, e-mail anna@example.com, wiek 30, biletów 2, kod KINO10, karta Nie) | C19: Weryfikacja pomyślna | D19: Pytanie | E19: 9 | F19: 2
A20: 10 | B20: Kod: „Kino10” (mieszana wielkość liter), reszta poprawna (imię Anna, e-mail anna@example.com, wiek 30, biletów 2, kod Kino10, karta Nie) | C20: komunikat "Nieprawidłowy kod - pominięto" | D20: Kandydat na defekt | E20: 10 | F20: 2

Sheet Lista kontrolna
A1: Nr | B1: Obszar | C1: Pozycja kontrolna (pytanie; „Tak” = OK) | D1: Wynik | E1: Uwagi / dowód | F1: ID defektu
A2: CHK-01 | B2: Zgodność | C2: Czy formularz zawiera pola: Imię, E-mail, Wiek, Liczba biletów, Kod promocyjny, „Mam Kartę Kinomaniaka” (REQ-FRM-01)? | D2: Tak
A3: CHK-02 | B3: Zgodność | C3: Czy pole „Kod promocyjny” można zostawić puste bez komunikatu o błędzie (REQ-FRM-06)? | D3: Tak
A4: CHK-03 | B4: Zgodność | C4: Czy przy błędnych danych nie jest wyświetlane podsumowanie ani „Dziękujemy za zakup!” (REQ-FRM-07)? | D4: Tak
A5: CHK-04 | B5: Komunikaty | C5: Czy każde błędne pole ma własny, osobny komunikat (REQ-FRM-07)? | D5: Tak
A6: CHK-05 | B6: Komunikaty | C6: Czy treść wszystkich komunikatów jest identyczna jak w specyfikacji (REQ-FRM-02…05, REQ-CEN-04)? | D6: Tak
A7: CHK-06 | B7: Komunikaty | C7: Czy komunikaty znikają po poprawieniu danych (nie zostają stare)? | D7: Tak
A8: CHK-07 | B8: Prezentacja wyników | C8: Czy wszystkie kwoty w podsumowaniu mają format „0,00 zł” (REQ-CEN-07)? | D8: Nie | E8: Opłata rezerwacyjna jest przedstawiona w liczbie całkowitej | F8: 1
A9: CHK-08 | B9: Prezentacja wyników | C9: Czy podsumowanie zawiera cenę biletu, rabat, opłatę rezerwacyjną i kwotę do zapłaty (REQ-FRM-08)? | D9: Tak
A10: CHK-09 | B10: Prezentacja wyników | C10: Czy kwota do zapłaty zgadza się z ręcznym przeliczeniem wg wzoru REQ-CEN-06? | D10: Tak
A11: CHK-10 | B11: Użyteczność | C11: Czy widać, które pola są do wypełnienia i gdzie wpisywać dane? | D11: Tak
A12: CHK-11 | B12: Użyteczność | C12: Czy po wyczyszczeniu pól (Delete) wynik i komunikaty wracają do stanu początkowego? | D12: Tak
A13: CHK-12 | B13: Użyteczność | C13: Czy nazwy pól i sekcji są spójne i bez literówek? | D13: Tak

Sheet Raport z wykonania
A1: Pozycja | B1: Wartość | C1: Komentarz
A2: IDENTYFIKACJA
A3: Identyfikator raportu
A4: Obiekt testów
A5: Okres testów
A6: Autor
A7: PRZYPADKI TESTOWE
A8: Zaprojektowane przypadki testowe | B8: =COUNTA('Przypadki testowe'!A2:A300) -> 35
A9: Zaliczone | B9: =COUNTIF('Przypadki testowe'!K2:K300,"Zaliczony") -> 28
A10: Niezaliczone | B10: =COUNTIF('Przypadki testowe'!K2:K300,"Niezaliczony") -> 7
A11: Zablokowane | B11: =COUNTIF('Przypadki testowe'!K2:K300,"Zablokowany") -> 0
A12: Pominięte | B12: =COUNTIF('Przypadki testowe'!K2:K300,"Pominięty") -> 0
A13: Nie wykonano | B13: =COUNTIF('Przypadki testowe'!K2:K300,"Nie wykonano") -> 0
A14: % wykonanych (zaliczone + niezaliczone) | B14: =IFERROR((B9+B10)/B8,0) -> 1
A15: % zaliczonych spośród wykonanych | B15: =IFERROR(B9/(B9+B10),0) -> 0.8
A16: WYMAGANIA (MACIERZ ŚLEDZENIA)
A17: Wymagania w macierzy | B17: =COUNTA('Macierz śledzenia'!A2:A300) -> 15
A18: Wymagania pokryte przypadkami | B18: =COUNTIF('Macierz śledzenia'!H2:H300,"Pokryte") -> 15
A19: % pokrycia wymagań | B19: =IFERROR(B18/B17,0) -> 1
A20: LISTA KONTROLNA
A21: Pozycje listy kontrolnej | B21: =COUNTA('Lista kontrolna'!A2:A300) -> 12
A22: Wynik „Tak” | B22: =COUNTIF('Lista kontrolna'!D2:D300,"Tak") -> 11
A23: Wynik „Nie” | B23: =COUNTIF('Lista kontrolna'!D2:D300,"Nie") -> 1
A24: Nie dotyczy / nie sprawdzono | B24: =COUNTIF('Lista kontrolna'!D2:D300,"Nie dotyczy")+COUNTIF('Lista kontrolna'!D2:D300,"Nie sprawdzono") -> 0
A25: DEFEKTY
A26: Zgłoszone defekty | B26: =COUNTA('Raporty defektów'!A2:A300) -> 1
A27: – krytyczne | B27: =COUNTIF('Raporty defektów'!K2:K300,"Krytyczna") -> 0
A28: – wysokie | B28: =COUNTIF('Raporty defektów'!K2:K300,"Wysoka") -> 0
A29: – średnie | B29: =COUNTIF('Raporty defektów'!K2:K300,"Średnia") -> 1
A30: – niskie | B30: =COUNTIF('Raporty defektów'!K2:K300,"Niska") -> 0
A31: Otwarte (bez Zamknięty i Odrzucony) | B31: =B26-COUNTIF('Raporty defektów'!N2:N300,"Zamknięty")-COUNTIF('Raporty defektów'!N2:N300,"Odrzucony") -> 1
A32: OCENA
A33: Zakres wykonanych prac i odstępstwa od planu | C33: Co zrobiono, czego nie zrobiono i dlaczego.
A34: Najważniejsze problemy i ryzyka | C34: Najpoważniejsze defekty, obszary nieprzetestowane.
A35: Kryteria wyjścia spełnione? | C35: Odnieś się do kryteriów z planu testów.
A36: Rekomendacja | C36: Np. „wydać / nie wydawać”, co naprawić w pierwszej kolejności.
A37: Wnioski na przyszłość (lessons learned)
